{
  "board_spec": {
    "type": "charuco",
    "squares_x": 6,
    "squares_y": 8,
    "square_length_mm": 14.5,
    "marker_length_mm": 10.633333333333333,
    "dictionary_name": "DICT_4X4_50"
  },
  "xy_homography": [
    [
      0.005265423011596674,
      0.3936286218691049,
      -46.29837518899889
    ],
    [
      -0.3908429370138375,
      0.0017693539211047036,
      155.3754386255608
    ],
    [
      6.433967720906928e-05,
      1.1707128946543083e-05,
      1.0
    ]
  ],
  "xy_scale_mm_per_px": 0.3861156105995178,
  "board_center_px": [
    266.0987243652344,
    207.95816040039062
  ],
  "xy_charuco_corner_count": 35,
  "xy_validation": {
    "sample_count": 12,
    "requested_sample_count": 12,
    "xy_scale_mean_mm_per_px": 0.38611594090859097,
    "xy_scale_std_mm_per_px": 8.672432786827322e-06,
    "xy_scale_median_mm_per_px": 0.3861156105995178,
    "xy_residual_rmse_mean_mm": 0.07279795221984386,
    "xy_residual_rmse_best_mm": 0.07061048597097397,
    "xy_residual_rmse_worst_mm": 0.0749693512916565,
    "xy_residual_max_error_mean_mm": 0.19909193366765976,
    "xy_corner_count_mean": 35.0,
    "recommended_action": "save",
    "recommendation_reason": "batch is stable"
  },
  "timestamp": "2026-03-31T18:32:38",
  "latest_calibration_file": "C:\\Users\\Sofia\\Projects\\realsense_scanner\\calibration_results\\scan_space\\latest_scan_space_calibration.json",
  "saved_calibration_file": "C:\\Users\\Sofia\\Projects\\realsense_scanner\\calibration_results\\scan_space\\history\\scan_space_calibration_20260331_183238.json",
  "plane_model": {
    "coefficients": [
      0.007989413104951382,
      0.003435808001086116,
      0.9999622106552124,
      -152.0751190185547
    ],
    "reference": "camera_xyz_mm"
  },
  "plane_offset_mm": 152.30887603759766,
  "z_plane_reference": "charuco_board_only",
  "z_plane_validation": {
    "sample_count": 12,
    "requested_sample_count": 12,
    "plane_offset_mean_mm": 152.2981834411621,
    "plane_offset_std_mm": 0.028032184174128026,
    "plane_fit_rmse_mean_mm": 0.25909368236488967,
    "plane_fit_rmse_best_mm": 0.23992539593690274,
    "plane_fit_rmse_worst_mm": 0.2787256243003917,
    "board_point_count_mean": 5000.0,
    "recommended_action": "save",
    "recommendation_reason": "batch is stable"
  },
  "z_scale": null,
  "z_bias_mm": null,
  "z_validation": null,
  "staircase_reference_heights_mm": null,
  "measured_plateau_heights_raw_mm": null,
  "plateau_residuals_mm": null,
  "staircase_roi_xywh": null,
  "detected_plateaus": null,
  "z_scale_reference": null,
  "z_scale_placement_warning": null,
  "used_reference_heights_mm": [
    14.8,
    19.9
  ],
  "used_measured_plateau_heights_raw_mm": [
    13.937782287597656,
    18.490379333496094
  ]
}