{
  "board_spec": {
    "type": "charuco",
    "squares_x": 6,
    "squares_y": 8,
    "square_length_mm": 14.5,
    "marker_length_mm": 10.633333333333333,
    "dictionary_name": "DICT_4X4_50"
  },
  "xy_homography": [
    [
      -0.019140984578120638,
      0.5623937557318148,
      -89.24432300703077
    ],
    [
      -0.5623919668540407,
      -0.022346032066925772,
      244.1053125780906
    ],
    [
      1.683675576795905e-05,
      -1.7542741511770804e-05,
      1.0
    ]
  ],
  "xy_scale_mm_per_px": 0.5626915246248245,
  "board_center_px": [
    334.349853515625,
    234.62026977539062
  ],
  "xy_charuco_corner_count": 35,
  "xy_validation": {
    "sample_count": 12,
    "requested_sample_count": 12,
    "xy_scale_mean_mm_per_px": 0.5626997277140617,
    "xy_scale_std_mm_per_px": 4.629331563470286e-05,
    "xy_scale_median_mm_per_px": 0.5626915246248245,
    "xy_residual_rmse_mean_mm": 0.08352380866805713,
    "xy_residual_rmse_best_mm": 0.08022057265043259,
    "xy_residual_rmse_worst_mm": 0.08791954070329666,
    "xy_residual_max_error_mean_mm": 0.13702546308437982,
    "xy_corner_count_mean": 35.0,
    "recommended_action": "save"
  },
  "timestamp": "2026-03-25T12:07:48",
  "latest_calibration_file": "C:\\Users\\Sofia\\Projects\\realsense_scanner\\calibration_results\\scan_space\\latest_scan_space_calibration.json",
  "saved_calibration_file": "C:\\Users\\Sofia\\Projects\\realsense_scanner\\calibration_results\\scan_space\\history\\scan_space_calibration_20260325_120748.json"
}