{
  "board_spec": {
    "type": "charuco",
    "squares_x": 6,
    "squares_y": 8,
    "square_length_mm": 14.5,
    "marker_length_mm": 10.633333333333333,
    "dictionary_name": "DICT_4X4_50"
  },
  "xy_homography": [
    [
      0.014251434320567575,
      0.38685763035087734,
      -52.5084663350672
    ],
    [
      -0.38582110568248607,
      0.013252252285963786,
      175.19498657122665
    ],
    [
      2.3027057592694863e-05,
      1.0593587419779912e-05,
      1.0
    ]
  ],
  "xy_scale_mm_per_px": 0.38314342498779297,
  "board_center_px": [
    328.74041748046875,
    218.23788452148438
  ],
  "xy_charuco_corner_count": 35,
  "xy_validation": {
    "sample_count": 12,
    "requested_sample_count": 12,
    "xy_scale_mean_mm_per_px": 0.38313936814665794,
    "xy_scale_std_mm_per_px": 1.623731284483645e-05,
    "xy_scale_median_mm_per_px": 0.38314342498779297,
    "xy_residual_rmse_mean_mm": 0.0865973358352979,
    "xy_residual_rmse_best_mm": 0.08466610312461853,
    "xy_residual_rmse_worst_mm": 0.09030131995677948,
    "xy_residual_max_error_mean_mm": 0.14237000917394957,
    "xy_corner_count_mean": 35.0,
    "recommended_action": "save",
    "recommendation_reason": "batch is stable"
  },
  "timestamp": "2026-04-21T14:49:59",
  "latest_calibration_file": "C:\\Users\\Sofia\\Projects\\realsense_scanner\\calibration_results\\scan_space\\latest_scan_space_calibration.json",
  "saved_calibration_file": "C:\\Users\\Sofia\\Projects\\realsense_scanner\\calibration_results\\scan_space\\history\\scan_space_calibration_20260421_144959.json",
  "plane_model": {
    "coefficients": [
      0.003197610843926668,
      -0.0019162894459441304,
      0.999993085861206,
      -151.6977081298828
    ],
    "reference": "camera_xyz_mm"
  },
  "plane_offset_mm": 151.66527557373047,
  "z_plane_reference": "charuco_board_only",
  "z_plane_validation": {
    "sample_count": 12,
    "requested_sample_count": 12,
    "plane_offset_mean_mm": 151.65666325887045,
    "plane_offset_std_mm": 0.026095814680862105,
    "plane_fit_rmse_mean_mm": 0.3073723196508589,
    "plane_fit_rmse_best_mm": 0.2821840303181919,
    "plane_fit_rmse_worst_mm": 0.34104389292488074,
    "board_point_count_mean": 5000.0,
    "recommended_action": "save",
    "recommendation_reason": "batch is stable"
  },
  "z_scale": null,
  "z_bias_mm": null,
  "z_validation": null,
  "staircase_reference_heights_mm": null,
  "measured_plateau_heights_raw_mm": null,
  "plateau_residuals_mm": null,
  "staircase_roi_xywh": null,
  "detected_plateaus": null,
  "z_scale_reference": null,
  "z_scale_placement_warning": null,
  "used_reference_heights_mm": [
    9.2,
    19.2,
    29.2,
    39.3
  ],
  "used_measured_plateau_heights_raw_mm": [
    9.449787139892578,
    19.259445190429688,
    29.57286834716797,
    39.561519622802734
  ]
}