{
  "board_spec": {
    "type": "charuco",
    "squares_x": 6,
    "squares_y": 8,
    "square_length_mm": 14.5,
    "marker_length_mm": 10.633333333333333,
    "dictionary_name": "DICT_4X4_50"
  },
  "xy_homography": [
    [
      -0.005541013042342888,
      -0.38419342734116235,
      133.97187319964445
    ],
    [
      0.3850580181612101,
      -0.006120351892732347,
      -62.82558826530228
    ],
    [
      1.4543460274039918e-05,
      -1.189260981263219e-05,
      1.0
    ]
  ],
  "xy_scale_mm_per_px": 0.3835620805621147,
  "board_center_px": [
    299.1109619140625,
    249.9119873046875
  ],
  "xy_charuco_corner_count": 35,
  "xy_validation": {
    "sample_count": 12,
    "requested_sample_count": 12,
    "xy_scale_mean_mm_per_px": 0.38356507072846097,
    "xy_scale_std_mm_per_px": 1.5040528016578464e-05,
    "xy_scale_median_mm_per_px": 0.3835620805621147,
    "xy_residual_rmse_mean_mm": 0.0870269425213337,
    "xy_residual_rmse_best_mm": 0.08500691503286362,
    "xy_residual_rmse_worst_mm": 0.09091458469629288,
    "xy_residual_max_error_mean_mm": 0.15966617440183958,
    "xy_corner_count_mean": 35.0,
    "recommended_action": "save",
    "recommendation_reason": "batch is stable"
  },
  "timestamp": "2026-04-19T12:09:33",
  "latest_calibration_file": "C:\\Users\\Sofia\\Projects\\realsense_scanner\\calibration_results\\scan_space\\latest_scan_space_calibration.json",
  "saved_calibration_file": "C:\\Users\\Sofia\\Projects\\realsense_scanner\\calibration_results\\scan_space\\history\\scan_space_calibration_20260419_120933.json",
  "plane_model": {
    "coefficients": [
      0.0065761711448431015,
      -0.00011892970360349864,
      0.9999783635139465,
      -152.25413513183594
    ],
    "reference": "camera_xyz_mm"
  },
  "plane_offset_mm": 152.28217315673828,
  "z_plane_reference": "charuco_board_only",
  "z_plane_validation": {
    "sample_count": 12,
    "requested_sample_count": 12,
    "plane_offset_mean_mm": 152.27907053629556,
    "plane_offset_std_mm": 0.010436228734540266,
    "plane_fit_rmse_mean_mm": 0.23145067520156093,
    "plane_fit_rmse_best_mm": 0.2156915228580025,
    "plane_fit_rmse_worst_mm": 0.2457944783298239,
    "board_point_count_mean": 5000.0,
    "recommended_action": "save",
    "recommendation_reason": "batch is stable"
  },
  "z_scale": 0.9998534040663105,
  "z_bias_mm": 0.21191312425152037,
  "z_validation": {
    "sample_count": 12,
    "requested_sample_count": 12,
    "z_scale_sample_mean": 0.9999113962972109,
    "z_scale_sample_std": 0.0036933366362020986,
    "z_bias_sample_mean_mm": 0.2163582130956773,
    "z_bias_sample_std_mm": 0.03700796819112019,
    "plane_offset_mm": 152.28217315673828,
    "sample_fit_rmse_mean_mm": 0.3123058497859068,
    "sample_fit_rmse_best_mm": 0.25728395320667247,
    "sample_fit_rmse_worst_mm": 0.44731926892176244,
    "aggregated_fit_rmse_mm": 0.2877974422255862,
    "fit_mode": "tray_plus_all_steps",
    "recommended_action": "save",
    "recommendation_reason": "batch is stable"
  },
  "staircase_reference_heights_mm": [
    9.9,
    14.8,
    19.9
  ],
  "measured_plateau_heights_raw_mm": [
    9.199138641357422,
    14.78970718383789,
    19.769916534423828
  ],
  "plateau_residuals_mm": [
    -0.21191312425152037,
    0.4902967907093263,
    -0.19945219715580187,
    -0.07893146930202377
  ],
  "staircase_roi_xywh": [
    204,
    163,
    148,
    138
  ],
  "detected_plateaus": [
    {
      "seed_height_mm": 9.1,
      "measured_height_mm": 9.281578063964844,
      "pixel_count": 330
    },
    {
      "seed_height_mm": 14.9,
      "measured_height_mm": 14.825302124023438,
      "pixel_count": 981
    },
    {
      "seed_height_mm": 19.700000000000003,
      "measured_height_mm": 19.71405029296875,
      "pixel_count": 3166
    }
  ],
  "z_scale_reference": "all_staircase_plateaus_relative_to_fitted_board_plane",
  "z_scale_placement_warning": "Staircase placement and ROI edge contamination can introduce small error.",
  "used_reference_heights_mm": [
    9.9,
    14.8,
    19.9
  ],
  "used_measured_plateau_heights_raw_mm": [
    9.199138641357422,
    14.78970718383789,
    19.769916534423828
  ]
}