{
  "camera_matrix": [
    [
      398.7087129161848,
      0.0,
      325.50261968086284
    ],
    [
      0.0,
      398.87493929593967,
      241.56174593361274
    ],
    [
      0.0,
      0.0,
      1.0
    ]
  ],
  "dist_coeffs": [
    -0.04297451393241224,
    0.06249508243898091,
    0.0012329561787114858,
    -0.0011738749994689751,
    -0.024558871824313606
  ],
  "fx": 398.7087129161848,
  "fy": 398.87493929593967,
  "ppx": 325.50261968086284,
  "ppy": 241.56174593361274,
  "reprojection_rmse_px": 0.3630824394353445,
  "frame_count": 26,
  "used_frame_count": 26,
  "saved_at": "2026-04-23T19:55:53"
}